Utilizador:u96334,Abigail Ferreira,4.3240204,49.95967
Utilizador:u32501,Sofia Marques,8.349304,40.70854
Utilizador:u51742,Ilda Marques,-63.910583,37.24417
Utilizador:u18189,Beatriz Sousa,-79.40907,65.71118
Utilizador:u62725,Antonio Nunes,37.777725,71.28607
Utilizador:u51343,Rafael Carvalho,-37.32053,-74.395905
Utilizador:u60663,Jose Pereira,79.62286,-73.615845
Utilizador:u30386,Abigail Ribeiro,-77.81157,19.879303
Utilizador:u63179,Ethan Ribeiro,-30.15062,64.687485
Utilizador:u25051,Sofia Ribeiro,-95.56026,-35.97472
Utilizador:u76985,Ethan Moreira,-32.581696,-51.44582
Utilizador:u16884,Jesus Costa,-11.97876,-84.77345
Utilizador:u40989,Liz Sousa,-77.78369,5.000061
Utilizador:u61259,Ana Veloso,-79.517426,17.457336
Utilizador:u90532,Joao Ferreira,41.362152,83.91014
Utilizador:u95134,Rebeca Ribeiro,-32.278885,-17.952858
Utilizador:u63434,Jose Pimentel,-39.139954,-5.002182
Utilizador:u10893,Ethan Ribeiro,16.623291,31.70523
Utilizador:u68909,Antonio Carvalho,3.4279175,-43.505707
Utilizador:u12469,Abigail Gomes,-15.707321,-23.702919
Utilizador:u32280,Kaleb Pereira,-72.347565,-4.806122
Utilizador:u94561,Talita Veloso,20.374321,-51.75919
Utilizador:u20948,Mateus Sousa,-39.40121,54.149445
Utilizador:u59886,Mateus Gomes,94.80742,-25.611183
Utilizador:u49284,Raquel Pinto,78.42526,68.80173
Utilizador:u88073,Joao Costa,94.21919,-13.287582
Utilizador:u5035,Rafael Ferreira,63.59494,-43.0704
Utilizador:u16813,Antonio Sousa,67.16737,-79.277145
Utilizador:u50052,Ilda Nunes,-42.890896,38.773117
Utilizador:u39791,Ana Pinto,62.19467,90.020935
Utilizador:u33653,Joao Nunes,-90.44518,74.04817
Utilizador:u64631,Catarina Gomes,-56.474556,-33.863014
Utilizador:u8730,Mateus Santos,-25.741707,-8.715286
Utilizador:u16824,Artur Marques,68.58153,-81.259514
Utilizador:u73181,Joao Fernandes,69.560486,82.61299
Utilizador:u64033,Mateus Fernandes,32.147476,67.69133
Utilizador:u13985,Rebeca Pinto,-31.17292,-91.207664
Utilizador:u55708,Sofia Sousa,69.302536,82.97757
Utilizador:u78933,Isaac Veloso,53.85608,-98.59493
Utilizador:u95442,Ana Pinto,85.41771,-18.22023
Utilizador:u44449,Antonio Veloso,76.06116,93.460526
Utilizador:u31715,Sofia Pimentel,-82.02304,98.87157
Utilizador:u41185,Ana Fernandes,-5.3859253,86.450424
Utilizador:u71683,Mateus Pimentel,-30.973152,11.742462
Utilizador:u56746,Beatriz Silva,24.38501,-78.36301
Utilizador:u1481,Isis Moreira,84.46039,-64.13046
Utilizador:u41970,Joao Almeida,11.7330475,-78.90343
Utilizador:u8044,Isis Pinto,-25.855453,-95.01867
Utilizador:u20289,Ana Carvalho,4.5260086,-75.21707
Utilizador:u81701,Talita Gomes,-10.928261,-93.07345
Utilizador:u38940,Antonio Silva,-36.38856,-21.005737
Utilizador:u95284,Artur Oliveira,-59.435265,-62.606575
Utilizador:u96905,Rebeca Gomes,33.934708,66.49768
Utilizador:u1109,Ilda Silva,18.42939,35.281067
Utilizador:u14710,Ilda Ribeiro,78.12921,-20.032028
Utilizador:u48849,Danilo Ferreira,-11.925896,9.706619
Utilizador:u9000,Ethan Veloso,37.866882,92.64198
Utilizador:u93497,Jose Marques,46.95491,24.596397
Utilizador:u51889,Liz Oliveira,-40.83854,22.706131
Utilizador:u49797,Joana Moreira,77.88522,-6.1260147
Utilizador:u37399,Jose Fernandes,-36.2487,-65.75197
Utilizador:u31149,Ilda Veloso,-52.828594,-8.402885
Utilizador:u47517,Danilo Silva,-84.769554,64.46588
Utilizador:u2942,Isis Santos,20.605156,-33.112343
Utilizador:u52784,Abigail Marques,-73.547516,-82.894516
Utilizador:u49014,Liz Veloso,-11.451111,95.63873
Utilizador:u59671,Ilda Silva,5.778572,-86.29637
Utilizador:u67583,Beatriz Veloso,-48.962254,-91.02749
Utilizador:u89030,Rebeca Fernandes,80.76503,5.4928284
Utilizador:u47298,Sofia Silva,-72.42249,72.222336
Utilizador:u62966,Antonio Silva,-87.66787,85.357635
Utilizador:u60958,Bruno Ribeiro,6.635895,0.7251663
Utilizador:u65481,Ethan Nunes,35.375076,-84.665764
Utilizador:u44710,Mateus Silva,22.941032,-22.140648
Utilizador:u83925,Joao Carvalho,-97.2801,21.354187
Utilizador:u87245,Jesus Pimentel,-70.62723,-70.59654
Utilizador:u22190,Catarina Marques,-9.055481,60.60858
Utilizador:u89356,Beatriz Marques,-57.837666,-53.69813
Utilizador:u14195,Isaac Pimentel,51.39392,-36.658077
Utilizador:u35925,Talita Ribeiro,-9.130173,-95.6432
Utilizador:u71362,Artur Silva,75.04962,0.15839386
Utilizador:u30015,Artur Silva,79.45404,-93.42318
Utilizador:u67012,Mateus Oliveira,-71.45378,30.684494
Utilizador:u37891,Danilo Marques,-69.404686,58.42015
Utilizador:u37674,Jesus Gomes,-75.486206,-43.512657
Utilizador:u8447,Andre Ribeiro,74.13753,-2.1077957
Utilizador:u7447,Mateus Silva,39.93318,14.011047
Utilizador:u2408,Josefina Costa,-7.0197678,8.426476
Utilizador:u28928,Kaleb Santos,-40.820755,56.429367
Utilizador:u24374,Josefina Gomes,25.295715,-27.194298
Utilizador:u22707,Rafael Fernandes,82.09984,52.233063
Utilizador:u92107,Beatriz Carvalho,31.80098,5.51001
Utilizador:u74890,Danilo Oliveira,-79.54097,33.552933
Utilizador:u44694,Joao Pinto,-3.4296646,-91.00455
Utilizador:u71860,Danilo Pimentel,-16.180183,-90.57581
Utilizador:u45761,Jose Santos,-67.1927,-50.06005
Utilizador:u18009,Sofia Moreira,81.59152,45.45833
Utilizador:u56944,Danilo Veloso,85.91936,-33.50493
Utilizador:u56245,Joana Ribeiro,20.074745,-35.4915
Utilizador:u82322,Beatriz Gomes,85.381485,64.74785
Voluntario:v47435,Catarina Oliveira,59.177475,-36.14561,5
Voluntario:v2145,Ilda Oliveira,35.397583,8.072922,140
Voluntario:v70002,Jose Nunes,86.03883,84.7675,254
Voluntario:v47381,Talita Silva,-8.332542,-24.768143,181
Voluntario:v41878,Joana Almeida,59.847473,12.736877,258
Voluntario:v36918,Talita Gomes,-41.449482,58.938477,272
Voluntario:v83349,Kaleb Ferreira,-94.24346,88.32463,178
Voluntario:v22656,Raquel Marques,70.014984,19.798576,91
Voluntario:v52131,Isis Sousa,-93.662186,-74.374756,20
Voluntario:v70117,Ana Sousa,77.315704,97.83894,92
Voluntario:v90901,Liz Nunes,-8.741592,37.5907,13
Voluntario:v60507,Danilo Silva,22.693443,-2.0533142,42
Voluntario:v31250,Isis Pereira,-39.988228,88.48987,239
Voluntario:v65986,Catarina Ferreira,-77.91992,15.799538,265
Voluntario:v32476,Ilda Santos,46.211456,23.088577,151
Voluntario:v192,Raquel Ribeiro,-31.37761,-72.031586,286
Voluntario:v79685,Abigail Oliveira,-3.2210312,6.9475327,226
Voluntario:v25371,Mateus Pimentel,-78.63019,-98.65325,35
Voluntario:v15540,Beatriz Moreira,-64.84697,34.932877,243
Voluntario:v39165,Joao Fernandes,-69.54454,47.850662,30
Voluntario:v88885,Joana Costa,-38.701782,81.971695,168
Voluntario:v11010,Jose Pimentel,-89.19061,33.38286,293
Voluntario:v93465,Ilda Fernandes,81.79361,19.733765,97
Voluntario:v11166,Liz Veloso,14.284012,-14.621895,125
Voluntario:v72608,Ethan Costa,-58.430515,22.131714,129
Voluntario:v15809,Ana Veloso,47.011063,31.805344,221
Voluntario:v41101,Rafael Marques,-96.28108,-70.56275,275
Voluntario:v8964,Isaac Pinto,-94.39053,-77.90853,219
Voluntario:v25817,Catarina Almeida,-89.756996,-25.235252,84
Voluntario:v41188,Catarina Pinto,-98.56671,-69.74332,192
Voluntario:v31266,Beatriz Veloso,-41.236553,-52.56946,172
Voluntario:v74564,Catarina Nunes,-81.179794,-7.5093307,162
Voluntario:v76751,Josefina Nunes,-23.205711,4.792351,120
Voluntario:v43140,Liz Veloso,71.0461,-49.62204,198
Voluntario:v62453,Rebeca Ferreira,68.45392,-71.784195,294
Voluntario:v18929,Ethan Veloso,50.339172,-38.938297,104
Voluntario:v90084,Beatriz Pinto,56.842392,-39.810055,291
Voluntario:v17365,Bruno Oliveira,-87.80648,17.213173,7
Voluntario:v61921,Isis Pimentel,-9.592155,-88.78568,19
Voluntario:v8535,Artur Sousa,88.53995,-51.182133,21
Voluntario:v80759,Abigail Almeida,-34.476273,-62.61354,297
Voluntario:v43705,Josefina Fernandes,-91.87944,-93.704155,40
Voluntario:v90974,Danilo Gomes,-51.858845,59.67296,3
Voluntario:v29438,Rafael Pereira,-6.069908,96.38342,210
Voluntario:v89888,Joana Pereira,75.2495,23.75264,118
Voluntario:v64826,Talita Sousa,-75.50977,-4.9631195,234
Voluntario:v9863,Danilo Pimentel,-62.907177,-57.26886,271
Voluntario:v34288,Jose Moreira,33.54216,-13.614792,66
Voluntario:v65472,Antonio Sousa,78.803375,26.366402,175
Voluntario:v79575,Andre Ferreira,-3.3418808,-69.37583,267
Voluntario:v30515,Josefina Marques,-31.704872,72.134476,122
Voluntario:v52852,Talita Veloso,-59.27901,-6.6099625,26
Voluntario:v57374,Antonio Nunes,67.030045,-14.774475,65
Voluntario:v21892,Jesus Ferreira,-49.79495,85.390045,205
Voluntario:v17080,Jesus Marques,-14.386116,96.4043,33
Voluntario:v74304,Mateus Veloso,73.9828,-29.551765,267
Voluntario:v24224,Ethan Pereira,20.798218,29.688614,70
Voluntario:v94088,Liz Nunes,-3.8001633,-39.580547,159
Voluntario:v41416,Ethan Costa,-18.11229,-58.074234,2
Voluntario:v77753,Joana Ferreira,-73.88476,41.89946,122
Voluntario:v45975,Sofia Pinto,-1.9023209,-93.95168,178
Voluntario:v31950,Joana Oliveira,74.601715,-9.540604,295
Voluntario:v53513,Bruno Fernandes,-13.044899,-73.93488,239
Voluntario:v44486,Joao Oliveira,-76.49345,-1.1163712,220
Voluntario:v88246,Kaleb Pinto,-40.90114,82.29114,28
Voluntario:v59307,Catarina Gomes,-60.491627,95.78314,30
Voluntario:v87265,Liz Costa,22.08554,-82.58043,94
Voluntario:v15168,Jose Pimentel,-74.69902,9.071121,10
Voluntario:v14556,Isis Pinto,57.603287,63.987244,7
Voluntario:v59649,Isis Ribeiro,-65.45546,93.469955,29
Voluntario:v88185,Beatriz Nunes,69.97409,87.09923,3
Voluntario:v33799,Liz Ribeiro,-53.769897,-21.787529,44
Voluntario:v89275,Abigail Oliveira,42.566254,28.033592,222
Voluntario:v27076,Talita Santos,-86.02677,10.68293,18
Voluntario:v79951,Liz Costa,63.73178,58.754517,188
Voluntario:v26876,Abigail Ribeiro,-81.12699,-59.573334,133
Voluntario:v19109,Raquel Marques,-58.070847,8.685585,6
Voluntario:v4492,Raquel Pimentel,-9.8773575,71.096924,295
Voluntario:v12661,Ana Sousa,-40.10831,75.24222,248
Voluntario:v31332,Jesus Pimentel,-35.07379,25.286873,56
Voluntario:v65027,Isis Gomes,-11.621941,-97.4224,15
Voluntario:v64227,Joana Pimentel,-79.216965,-35.485435,28
Voluntario:v68197,Abigail Moreira,-70.67818,-24.87674,1
Voluntario:v62871,Danilo Carvalho,4.067993,40.36995,159
Voluntario:v67881,Ana Costa,-3.9636536,-14.476051,59
Voluntario:v59349,Josefina Marques,-21.721313,23.009201,178
Voluntario:v35119,Joao Sousa,2.9789047,-93.99232,98
Voluntario:v27541,Andre Veloso,58.113113,-93.96045,118
Voluntario:v85134,Andre Pimentel,97.13895,-33.80493,2
Voluntario:v75429,Ethan Pereira,-68.594086,-24.712349,1
Voluntario:v76521,Josefina Pinto,-93.28694,-41.926838,106
Voluntario:v13949,Mateus Moreira,25.685768,-73.92576,199
Voluntario:v11443,Isis Sousa,30.635727,20.345268,254
Voluntario:v45246,Danilo Oliveira,1.423111,29.1678,212
Voluntario:v32077,Mateus Sousa,6.8795395,-23.452354,101
Voluntario:v7249,Danilo Almeida,-34.933624,-2.1799316,282
Voluntario:v34813,Joana Fernandes,-54.06859,-53.559082,45
Voluntario:v57697,Antonio Santos,-71.827095,-83.58762,197
Voluntario:v73026,Sofia Santos,45.5,-91.42188,271
Voluntario:v95769,Antonio Gomes,-65.90538,-11.70739,175
Transportadora:t82291,MRW,96.6857,-97.39572,874094600,195,1.5482177
Transportadora:t52123,NACEX,44.03392,22.650307,175392721,40,2.73045
Transportadora:t88155,DSV,50.469727,91.50194,518105593,17,0.54929996
Transportadora:t33809,UPS,64.08876,35.979782,492113565,143,2.7338185
Transportadora:t35103,DSV,-5.8593903,53.320038,754899039,70,0.74639887
Transportadora:t89733,UPS,-69.53298,-36.05056,340184659,137,2.5901961
Transportadora:t51953,CTT,-94.32279,59.56215,838828466,49,1.7068853
Transportadora:t97258,SEDEX,76.264465,-72.708374,280620844,230,1.3463598
Transportadora:t67870,DSV,12.387932,-6.59552,389725609,70,3.0552464
Transportadora:t20428,UPS,-8.831642,-80.22718,332910183,129,2.5357263
Transportadora:t63032,NACEX,-87.5995,-35.288937,295045329,174,1.0792056
Transportadora:t25475,MRW,-9.208458,-57.561092,227659152,41,0.71045154
Transportadora:t98233,DSV,-85.64074,-10.389374,760132469,252,0.6623381
Transportadora:t50875,UPS,6.7937546,-93.45311,935225689,131,1.9410193
Transportadora:t29098,CTT,96.72276,-50.88402,751392576,55,1.2598143
Transportadora:t610,SEDEX,70.89139,17.834213,851943997,96,3.6273916
Transportadora:t57900,DHL,29.913986,-38.285213,621709011,119,2.911668
Transportadora:t48886,TNT,-43.121216,-58.272842,169957294,275,0.7030048
Transportadora:t77177,NACEX,43.09825,-2.1966782,345312967,98,3.4273095
Transportadora:t5488,NACEX,67.2424,60.512466,767446795,205,2.6583662
Transportadora:t55215,SEDEX,55.149887,12.696877,492941804,293,2.4267945
Transportadora:t96374,DSV,-24.268173,40.178925,682480359,162,2.6195168
Transportadora:t56562,DHL,45.308,15.283012,240390010,123,0.7130191
Transportadora:t65818,TNT,-23.430565,3.8277588,770735609,53,1.9509983
Transportadora:t92246,UPS,26.050537,-58.03373,506178810,47,2.2990043
Transportadora:t65221,SEDEX,58.402725,80.33852,893681545,31,2.0831661
Transportadora:t67891,GARLAND,29.918335,-32.080116,466353690,87,2.6484535
Transportadora:t64194,UPS,9.885735,-31.623123,839051171,229,3.0472672
Transportadora:t52462,UPS,-12.094666,-15.106415,856614407,252,0.9272313
Transportadora:t58096,DSV,81.524796,-35.229008,185578539,134,3.650129
Transportadora:t52466,MRW,-65.07033,-10.037506,190269206,169,2.1648204
Transportadora:t26914,SCHENKER,57.82312,-12.949379,756236691,300,0.1704455
Transportadora:t29417,UPS,78.71423,-5.0195313,296894923,116,3.7292054
Transportadora:t38515,SEDEX,-93.42271,71.20735,253633808,186,2.9861586
Transportadora:t88250,GARLAND,77.363434,63.585648,884091945,254,1.0930953
Transportadora:t99975,SCHENKER,69.818436,-56.827168,653398964,199,2.8152478
Transportadora:t97647,TNT,5.2171707,89.43675,210492712,281,1.0306512
Transportadora:t36206,GARLAND,88.34358,90.207306,746373141,57,2.8121197
Transportadora:t99982,CTT,64.92445,65.9633,339353670,39,1.7042007
Transportadora:t93612,SEDEX,9.865143,-6.2200623,589039011,146,2.1751094
Transportadora:t57353,NACEX,-58.186867,28.254723,514808786,17,1.1876476
Transportadora:t64515,DSV,-12.903336,22.162659,392360171,92,3.0140853
Transportadora:t28312,SEDEX,89.81764,-21.464378,520806303,181,3.825234
Transportadora:t40046,UPS,-92.38965,34.87384,411849325,220,1.789322
Transportadora:t15910,GARLAND,53.75836,-33.45678,201074078,95,0.17014168
Transportadora:t51358,GARLAND,93.46805,-53.13847,411707023,192,1.5886796
Transportadora:t45610,SEDEX,1.4446335,11.726685,477312897,52,2.4080143
Transportadora:t63578,TNT,78.87535,9.042633,960101720,295,0.7670314
Transportadora:t42495,CTT,81.322754,50.656784,455826718,162,3.6289256
Transportadora:t47208,DSV,64.03876,30.694092,275591901,60,0.53276104
Transportadora:t73829,GARLAND,7.1192017,-65.69302,357355850,232,0.8202506
Transportadora:t95599,MRW,-51.630116,53.010452,274117230,209,0.12720689
Transportadora:t92000,MRW,88.90141,63.094437,373285703,102,1.3898352
Transportadora:t9803,SEDEX,55.5737,-52.398502,123040223,25,1.7676395
Transportadora:t19753,MRW,-69.29079,-6.5421295,635347936,74,3.5434327
Transportadora:t4105,SCHENKER,-36.136063,-20.929474,403414967,232,2.1296175
Transportadora:t48835,GARLAND,3.4566498,23.831581,280957780,90,2.3673851
Transportadora:t5596,DSV,30.937454,-39.41255,920104892,226,1.0701393
Transportadora:t9949,CHONOPOST,-43.582676,39.32921,840846802,120,0.6193205
Transportadora:t74844,DHL,-7.935852,42.203583,149615512,150,3.528618
Transportadora:t44570,UPS,43.56845,-8.237541,717378528,232,3.8873138
Transportadora:t15858,SEDEX,-65.4507,-18.367996,346883262,55,1.9122038
Transportadora:t24527,NACEX,46.09488,28.206703,482586747,38,1.8385016
Transportadora:t99839,SEDEX,32.954712,64.059784,574855812,119,0.5824775
Transportadora:t91674,SCHENKER,-25.785965,72.66629,624499466,53,1.6762735
Transportadora:t5329,NACEX,-5.4820786,-51.319683,697376510,218,2.3172317
Transportadora:t28268,SCHENKER,-15.152451,-27.081734,827946508,196,3.9516478
Transportadora:t15191,CTT,-48.120003,98.25841,518906886,120,2.0727444
Transportadora:t92639,DHL,-59.539146,-56.4024,450601044,51,0.3036796
Transportadora:t94105,UPS,-46.515854,-62.437683,494392322,158,1.9872433
Transportadora:t54074,CTT,-55.53521,30.526367,402663582,70,1.4990267
Transportadora:t36194,CHONOPOST,11.178116,-18.100105,694714121,44,1.264084
Transportadora:t52375,SEDEX,10.468277,-61.407227,465064914,114,0.41992047
Transportadora:t52186,NACEX,10.81485,-6.9706116,990758900,45,2.2186136
Transportadora:t42977,DHL,-75.469955,83.75755,237364060,216,1.8824617
Transportadora:t88606,CHONOPOST,18.839355,44.615417,984793939,232,0.7680942
Transportadora:t53501,SCHENKER,25.662758,84.19986,429935601,86,1.9514966
Transportadora:t85527,TNT,-75.95521,-67.00314,370328897,255,0.77884585
Transportadora:t20559,UPS,65.7648,-86.46716,714310820,145,2.921358
Transportadora:t19674,TNT,54.159363,-31.7752,339917930,237,2.4822
Transportadora:t54396,DSV,-33.337036,46.87564,774272926,299,1.4766023
Transportadora:t27852,UPS,-16.255005,84.18904,830973053,76,0.1664012
Transportadora:t56223,CHONOPOST,-77.01216,-76.952484,285390806,116,3.2138822
Transportadora:t69827,TNT,67.717255,-41.079308,120490388,210,2.0578587
Transportadora:t19535,CHONOPOST,-45.42358,81.267166,805596080,26,3.1037056
Transportadora:t68017,UPS,28.746132,62.65834,504234690,51,2.8810673
Transportadora:t76667,CTT,-92.52008,91.85927,480922486,243,3.3085995
Transportadora:t49431,DSV,61.45674,-41.480213,917550098,51,0.9077966
Transportadora:t6750,GARLAND,27.170662,94.57756,927380712,103,1.4383754
Transportadora:t27389,DHL,44.039017,75.5341,743674039,171,3.9186902
Transportadora:t64652,SCHENKER,9.888908,-41.63813,581299543,35,3.9299417
Transportadora:t49654,UPS,24.911331,44.760895,268355018,147,1.5481162
Transportadora:t35347,TNT,92.25545,-63.314327,368194781,261,3.7045977
Transportadora:t77038,NACEX,-71.50897,97.49158,366018901,125,1.4547123
Transportadora:t53457,DHL,-73.57225,73.22281,131016366,48,2.1624267
Transportadora:t12622,SEDEX,22.478569,40.314987,410334931,252,3.4032097
Transportadora:t91102,DHL,-10.874107,-37.938446,963414892,67,1.5874463
Transportadora:t87375,SCHENKER,44.531387,-27.400604,670210017,113,1.917002
Transportadora:t18611,UPS,4.5447235,-0.5526047,249180633,244,0.5916464
Transportadora:t38465,TNT,77.30476,-87.4615,286960468,124,3.2196429
Loja:l78471,Fnac,-14.712074,98.40915
Loja:l33077,Staples,65.13846,-33.81208
Loja:l72921,Worten,78.12123,34.00055
Loja:l68696,Fnac,-4.0615616,-83.981636
Loja:l10776,Pingo Doce,60.729446,-12.459869
Loja:l91672,Seaside,28.177147,51.95285
Loja:l74561,Worten,-38.69667,92.87201
Loja:l79212,Decathlon,-77.69684,-74.59915
Loja:l35727,Puma,64.44615,-59.014122
Loja:l56354,Primark,37.435196,19.819252
Loja:l13888,Puma,-55.23657,-23.609955
Loja:l53544,Pingo Doce,28.54802,33.29753
Loja:l50266,Pull and Bear,58.764587,-57.603912
Loja:l65523,Seaside,46.158615,-90.73402
Loja:l67368,Fnac,16.540512,49.245193
Loja:l26059,Staples,-50.18515,26.819115
Loja:l63810,Worten,-39.0957,12.313866
Loja:l89472,PC Diga,-51.74398,-18.985405
Loja:l5604,Adidas,8.694801,16.087364
Loja:l63671,Fnac,66.22403,7.213066
Encomenda:e67576,u16824,l33077,220.17305,p13,Agua,44.0,10.0,p5,PS5,2.0,500.0,p16,Guitarra,1.0,300.0,p3,Regua,2.0,1.0
Aceite:e67576
Encomenda:e18807,u16824,l5604,235.14026,p8,Sapatilhas,5.0,40.0,p15,Piano,1.0,400.0,p9,Carro,1.0,20000.0,p8,Sapatilhas,5.0,40.0
Aceite:e18807
Encomenda:e38851,u49284,l26059,253.66422,p13,Agua,44.0,10.0,p8,Sapatilhas,5.0,40.0,p15,Piano,1.0,400.0,p14,Cadeira,1.0,30.0
Aceite:e38851
Encomenda:e15114,u71860,l78471,491.80255,p10,Couve,3.0,0.3
Aceite:e15114
Encomenda:e20684,u31715,l89472,274.33005,p4,Rato,42.0,24.0,p10,Couve,3.0,0.3
Aceite:e20684
Encomenda:e24415,u95134,l33077,44.739925,p12,Arroz,1.0,0.4,p3,Regua,2.0,1.0,p8,Sapatilhas,5.0,40.0
Aceite:e24415
Encomenda:e36343,u37399,l10776,122.6339,p16,Guitarra,1.0,300.0,p5,PS5,2.0,500.0
Aceite:e36343
Encomenda:e51103,u45761,l91672,57.52441,p16,Guitarra,1.0,300.0
Aceite:e51103
Encomenda:e32905,u64631,l50266,231.85692,p3,Regua,2.0,1.0,p7,Mac,3.0,1400.0
Aceite:e32905
Encomenda:e21227,u48849,l56354,126.99022,p6,XBOX,1.0,400.0
Aceite:e21227
Encomenda:e80208,u67583,l26059,447.78918,p15,Piano,1.0,400.0,p9,Carro,1.0,20000.0
Aceite:e80208
Encomenda:e98828,u61259,l33077,148.44539,p7,Mac,3.0,1400.0,p11,Camisola,3.0,20.0,p9,Carro,1.0,20000.0
Aceite:e98828
Encomenda:e27083,u49284,l53544,291.22833,p8,Sapatilhas,5.0,40.0
Aceite:e27083
Encomenda:e8745,u49284,l50266,214.24225,p2,Chocolate,4.0,5.0,p3,Regua,2.0,1.0
Aceite:e8745
Encomenda:e47157,u67012,l56354,467.2348,p5,PS5,2.0,500.0,p4,Rato,42.0,24.0,p4,Rato,42.0,24.0
Aceite:e47157
Encomenda:e88248,u37891,l26059,89.355835,p8,Sapatilhas,5.0,40.0,p13,Agua,44.0,10.0,p8,Sapatilhas,5.0,40.0,p4,Rato,42.0,24.0
Aceite:e88248
Encomenda:e5072,u16884,l78471,437.78964,p7,Mac,3.0,1400.0
Aceite:e5072
Encomenda:e21770,u5035,l53544,273.39258,p8,Sapatilhas,5.0,40.0
Aceite:e21770
Encomenda:e14059,u62725,l26059,457.5698,p10,Couve,3.0,0.3
Aceite:e14059
Encomenda:e432,u33653,l35727,108.88991,p5,PS5,2.0,500.0
Aceite:e432
Encomenda:e76825,u35925,l26059,372.3461,p1,Cenoura,2.0,3.0,p6,XBOX,1.0,400.0,p16,Guitarra,1.0,300.0
Aceite:e76825
Encomenda:e91347,u41185,l26059,224.00641,p8,Sapatilhas,5.0,40.0
Aceite:e91347
Encomenda:e7175,u41970,l65523,398.0278,p11,Camisola,3.0,20.0,p12,Arroz,1.0,0.4
Aceite:e7175
Encomenda:e86410,u32280,l53544,216.75269,p4,Rato,42.0,24.0,p12,Arroz,1.0,0.4
Aceite:e86410
Encomenda:e37775,u87245,l65523,454.2076,p8,Sapatilhas,5.0,40.0
Aceite:e37775
Encomenda:e50938,u71362,l68696,65.95696,p5,PS5,2.0,500.0,p11,Camisola,3.0,20.0,p5,PS5,2.0,500.0
Aceite:e50938
Encomenda:e51047,u18189,l65523,79.6306,p16,Guitarra,1.0,300.0,p12,Arroz,1.0,0.4
Aceite:e51047
Encomenda:e81595,u8730,l63671,148.4243,p13,Agua,44.0,10.0,p12,Arroz,1.0,0.4
Aceite:e81595
Encomenda:e72610,u49014,l33077,91.15458,p9,Carro,1.0,20000.0,p1,Cenoura,2.0,3.0,p2,Chocolate,4.0,5.0
Aceite:e72610
Encomenda:e50025,u95442,l53544,39.75505,p14,Cadeira,1.0,30.0,p14,Cadeira,1.0,30.0
Aceite:e50025
Encomenda:e4959,u16884,l91672,73.56254,p15,Piano,1.0,400.0,p10,Couve,3.0,0.3
Aceite:e4959
Encomenda:e53406,u37891,l65523,313.24536,p11,Camisola,3.0,20.0,p5,PS5,2.0,500.0
Aceite:e53406
Encomenda:e55476,u96905,l56354,301.67352,p10,Couve,3.0,0.3
Aceite:e55476
Encomenda:e945,u62725,l50266,389.87128,p12,Arroz,1.0,0.4,p13,Agua,44.0,10.0,p3,Regua,2.0,1.0
Aceite:e945
Encomenda:e16733,u52784,l79212,42.609066,p13,Agua,44.0,10.0,p6,XBOX,1.0,400.0
Aceite:e16733
Encomenda:e34935,u8730,l74561,211.58388,p9,Carro,1.0,20000.0,p16,Guitarra,1.0,300.0,p14,Cadeira,1.0,30.0,p8,Sapatilhas,5.0,40.0
Aceite:e34935
Encomenda:e4117,u59886,l35727,410.9267,p1,Cenoura,2.0,3.0,p4,Rato,42.0,24.0,p13,Agua,44.0,10.0
Aceite:e4117
Encomenda:e69611,u44449,l67368,68.17613,p2,Chocolate,4.0,5.0,p8,Sapatilhas,5.0,40.0,p4,Rato,42.0,24.0
Aceite:e69611
Encomenda:e88297,u13985,l35727,480.935,p9,Carro,1.0,20000.0,p13,Agua,44.0,10.0,p5,PS5,2.0,500.0
Aceite:e88297
Encomenda:e98523,u22190,l26059,298.18576,p10,Couve,3.0,0.3,p15,Piano,1.0,400.0,p14,Cadeira,1.0,30.0
Aceite:e98523
Encomenda:e66649,u73181,l63810,281.37244,p6,XBOX,1.0,400.0,p8,Sapatilhas,5.0,40.0,p6,XBOX,1.0,400.0,p15,Piano,1.0,400.0
Aceite:e66649
Encomenda:e83615,u2942,l68696,287.21844,p14,Cadeira,1.0,30.0
Aceite:e83615
Encomenda:e26892,u1481,l78471,379.95563,p7,Mac,3.0,1400.0,p1,Cenoura,2.0,3.0,p16,Guitarra,1.0,300.0
Aceite:e26892
Encomenda:e18405,u37891,l26059,252.84273,p8,Sapatilhas,5.0,40.0,p1,Cenoura,2.0,3.0,p12,Arroz,1.0,0.4
Aceite:e18405
Encomenda:e88665,u64033,l79212,147.63365,p5,PS5,2.0,500.0,p13,Agua,44.0,10.0,p12,Arroz,1.0,0.4,p13,Agua,44.0,10.0
Aceite:e88665
Encomenda:e71154,u49284,l50266,493.26746,p16,Guitarra,1.0,300.0,p1,Cenoura,2.0,3.0
Aceite:e71154
Encomenda:e7691,u37891,l89472,360.67392,p14,Cadeira,1.0,30.0,p16,Guitarra,1.0,300.0
Aceite:e7691
Encomenda:e67395,u56944,l79212,396.66876,p3,Regua,2.0,1.0,p13,Agua,44.0,10.0,p12,Arroz,1.0,0.4,p16,Guitarra,1.0,300.0
Aceite:e67395
Encomenda:e56516,u39791,l35727,484.1256,p6,XBOX,1.0,400.0,p6,XBOX,1.0,400.0
Aceite:e56516
Encomenda:e70650,u48849,l67368,227.19392,p10,Couve,3.0,0.3,p3,Regua,2.0,1.0,p5,PS5,2.0,500.0,p6,XBOX,1.0,400.0
Aceite:e70650
